{"Logistic Regression": {"Accuracy": 0.956140350877193, "Precision": 0.9459459459459459, "Recall": 0.9859154929577465, "F1": 0.9655172413793104, "AUC": 0.9977071732721913, "MCC": 0.9068106119605033}, "Decision Tree": {"Accuracy": 0.9385964912280702, "Precision": 0.9444444444444444, "Recall": 0.9577464788732394, "F1": 0.951048951048951, "AUC": 0.932361611529643, "MCC": 0.868859654660177}, "KNN": {"Accuracy": 0.956140350877193, "Precision": 0.9342105263157895, "Recall": 1.0, "F1": 0.9659863945578231, "AUC": 0.9959056665574845, "MCC": 0.9086150974691304}, "Naive Bayes": {"Accuracy": 0.9736842105263158, "Precision": 0.9594594594594594, "Recall": 1.0, "F1": 0.9793103448275862, "AUC": 0.9983622666229938, "MCC": 0.9447329926514414}, "Random Forest": {"Accuracy": 0.9649122807017544, "Precision": 0.958904109589041, "Recall": 0.9859154929577465, "F1": 0.9722222222222222, "AUC": 0.9944317065181788, "MCC": 0.9252853920667758}, "XGBoost": {"Accuracy": 0.956140350877193, "Precision": 0.9583333333333334, "Recall": 0.971830985915493, "F1": 0.965034965034965, "AUC": 0.9908286930887652, "MCC": 0.9063785942932301}}